qr_id,url,status
qr_0001,https://example.com/scan?qr=qr_0001,new
qr_0002,https://example.com/scan?qr=qr_0002,new
qr_0003,https://example.com/scan?qr=qr_0003,new
qr_0004,https://example.com/scan?qr=qr_0004,new
qr_0005,https://example.com/scan?qr=qr_0005,new
qr_0006,https://example.com/scan?qr=qr_0006,new
qr_0007,https://example.com/scan?qr=qr_0007,new
qr_0008,https://example.com/scan?qr=qr_0008,new
qr_0009,https://example.com/scan?qr=qr_0009,new
qr_0010,https://example.com/scan?qr=qr_0010,new
qr_0011,https://example.com/scan?qr=qr_0011,new
qr_0012,https://example.com/scan?qr=qr_0012,new
qr_0013,https://example.com/scan?qr=qr_0013,new
qr_0014,https://example.com/scan?qr=qr_0014,new
qr_0015,https://example.com/scan?qr=qr_0015,new
qr_0016,https://example.com/scan?qr=qr_0016,new
qr_0017,https://example.com/scan?qr=qr_0017,new
qr_0018,https://example.com/scan?qr=qr_0018,new
qr_0019,https://example.com/scan?qr=qr_0019,new
qr_0020,https://example.com/scan?qr=qr_0020,new
qr_0021,https://example.com/scan?qr=qr_0021,new
qr_0022,https://example.com/scan?qr=qr_0022,new
qr_0023,https://example.com/scan?qr=qr_0023,new
qr_0024,https://example.com/scan?qr=qr_0024,new
qr_0025,https://example.com/scan?qr=qr_0025,new
qr_0026,https://example.com/scan?qr=qr_0026,new
qr_0027,https://example.com/scan?qr=qr_0027,new
qr_0028,https://example.com/scan?qr=qr_0028,new
qr_0029,https://example.com/scan?qr=qr_0029,new
qr_0030,https://example.com/scan?qr=qr_0030,new
qr_0031,https://example.com/scan?qr=qr_0031,new
qr_0032,https://example.com/scan?qr=qr_0032,new
qr_0033,https://example.com/scan?qr=qr_0033,new
qr_0034,https://example.com/scan?qr=qr_0034,new
qr_0035,https://example.com/scan?qr=qr_0035,new
qr_0036,https://example.com/scan?qr=qr_0036,new
qr_0037,https://example.com/scan?qr=qr_0037,new
qr_0038,https://example.com/scan?qr=qr_0038,new
qr_0039,https://example.com/scan?qr=qr_0039,new
qr_0040,https://example.com/scan?qr=qr_0040,new
qr_0041,https://example.com/scan?qr=qr_0041,new
qr_0042,https://example.com/scan?qr=qr_0042,new
qr_0043,https://example.com/scan?qr=qr_0043,new
qr_0044,https://example.com/scan?qr=qr_0044,new
qr_0045,https://example.com/scan?qr=qr_0045,new
qr_0046,https://example.com/scan?qr=qr_0046,new
qr_0047,https://example.com/scan?qr=qr_0047,new
qr_0048,https://example.com/scan?qr=qr_0048,new
qr_0049,https://example.com/scan?qr=qr_0049,new
qr_0050,https://example.com/scan?qr=qr_0050,new
